{"0.5": [[0.3197133992289419, 0.18028660077105813], [0.48749462238866653, 0.012505377611333468], [0.36248534081544037, 0.13751465918455963], [0.3883946309255886, 0.11160536907441138], [0.3682356070820062, 0.1317643929179938]], "0.9": [[0.6090295386806202, 0.29097046131937987], [0.8029616109343609, 0.09703838906563911], [0.8217550506335255, 0.07824494936647454], [0.5202703622832566, 0.3797296377167434], [0.8731825025057367, 0.02681749749426331]]}